INSERT INTO `Category` (`id`, `name`, `createdAt`) VALUES
(1, 'Sofas', '2025-10-07 14:00:00.000'),
(2, 'Beds', '2025-10-07 14:00:00.000'),
(3, 'Tables', '2025-10-07 14:00:00.000'),
(4, 'Chairs', '2025-10-07 14:00:00.000'),
(5, 'Cabinets', '2025-10-07 14:00:00.000'),
(6, 'Decor', '2025-10-07 14:00:00.000');

INSERT INTO Product (id, name, description, price, stockQuantity, image, categoryId, priceId, createdAt, weight, width, height, brand, material) VALUES
('p1', 'Modern Leather Sofa', 'A stylish leather sofa with a sleek design, perfect for living rooms.', 1200, 15, 'https://m.media-amazon.com/images/I/81I7QqOAsLL._AC_SL1500_.jpg', 1, 'price_1SFb1LHdUdWUYxJHm3EJGZAA', '2025-10-07 14:05:00.000', 6.96, 187.7, 59, 'Acme', 'Wood'),
('p10', 'Bookshelf Cabinet', 'Tall bookshelf with adjustable shelves.', 250, 15, 'https://m.media-amazon.com/images/I/81PRLvYH9TL._AC_SL1500_.jpg', 5, 'price_1SFb1LHdUdWUYxJHZut3vWwK', '2025-10-07 14:05:00.000', 9.66, 30.1, 148.8, 'Globex', 'Metal'),
('p11', 'Wall Mirror', 'Elegant wall mirror with wooden frame.', 80, 40, 'https://m.media-amazon.com/images/I/61MusLQPm3L._AC_SL1500_.jpg', 6, 'price_1SFb1LHdUdWUYxJHEXgaRaKB', '2025-10-07 14:05:00.000', 5.13, 40.2, 58.3, 'Umbrella', 'Plastic'),
('p12', 'Vase Set', 'Decorative ceramic vase set for living rooms.', 50, 50, 'https://m.media-amazon.com/images/I/61MoKgqrQqL._AC_SL1200_.jpg', 6, 'price_1SFb1LHdUdWUYxJHq03GdnB5', '2025-10-07 14:05:00.000', 7.27, 132.3, 13.4, 'Initech', 'Leather'),
('p13', 'Sectional Sofa', 'L-shaped sectional sofa with storage.', 1400, 12, 'https://m.media-amazon.com/images/I/91U7oAPPLQL._AC_SX679_.jpg', 1, 'price_1SFb1LHdUdWUYxJHgdVACqlO', '2025-10-07 14:05:00.000', 9.49, 182.8, 26.5, 'FalsoBrand', 'Fabric'),
('p14', 'Recliner Sofa', 'Reclining sofa with built-in footrest.', 1100, 9, 'https://m.media-amazon.com/images/I/91H3Goj0drL._AC_SL1500_.jpg', 1, 'price_1SFb1LHdUdWUYxJHBbgaWMXs', '2025-10-07 14:05:00.000', 0.08, 70.8, 92.4, 'Acme', 'Wood'),
('p15', 'Queen Size Bed', 'Wooden queen size bed with headboard.', 700, 15, 'https://m.media-amazon.com/images/I/71OIIU+5EkL._AC_SL1500_.jpg', 2, 'price_1SFb1MHdUdWUYxJHniJVUNn5', '2025-10-07 14:05:00.000', 1.58, 82.5, 199.6, 'Globex', 'Metal'),
('p16', 'Bunk Bed', 'Space-saving bunk bed for kids.', 500, 10, 'https://m.media-amazon.com/images/I/619zRcp4J2L._AC_SL1014_.jpg', 2, 'price_1SFb1MHdUdWUYxJHTqr1hfDH', '2025-10-07 14:05:00.000', 7.36, 3.3, 43.1, 'Umbrella', 'Plastic'),
('p17', 'Side Table', 'Small wooden side table with drawer.', 120, 20, 'https://m.media-amazon.com/images/I/71lfhNVV1SL._AC_SL1500_.jpg', 3, 'price_1SFb1MHdUdWUYxJHeLiTVzoL', '2025-10-07 14:05:00.000', 7.94, 196.6, 5, 'Initech', 'Leather'),
('p18', 'Console Table', 'Narrow console table for hallways.', 180, 15, 'https://m.media-amazon.com/images/I/61rXIF5Vf3L._AC_SL1500_.jpg', 3, 'price_1SFb1MHdUdWUYxJHWoCbQebn', '2025-10-07 14:05:00.000', 8.62, 130.3, 38.1, 'FalsoBrand', 'Fabric'),
('p19', 'Bar Stool', 'Modern bar stool with cushioned seat.', 90, 25, 'https://m.media-amazon.com/images/I/71PdCs68myL._AC_SL1500_.jpg', 4, 'price_1SFb1MHdUdWUYxJH5K3eBOBQ', '2025-10-07 14:05:00.000', 8.75, 17.3, 60.8, 'Acme', 'Wood'),
('p2', 'Velvet Corner Sofa', 'Comfortable velvet corner sofa with adjustable backrest.', 1500, 10, 'https://m.media-amazon.com/images/I/91ZVdJU-o8L._AC_SL1500_.jpg', 1, 'price_1SFb1MHdUdWUYxJHWlXeAOGD', '2025-10-07 14:05:00.000', 0.49, 88.9, 67.6, 'Globex', 'Metal'),
('p20', 'Rocking Chair', 'Classic wooden rocking chair.', 220, 12, 'https://m.media-amazon.com/images/I/61JkDkjKIiL._AC_SL1500_.jpg', 4, 'price_1SFb1MHdUdWUYxJHAu3Ct3ib', '2025-10-07 14:05:00.000', 0.16, 42.8, 60, 'Umbrella', 'Plastic'),
('p21', 'TV Stand', 'Modern TV stand with storage shelves.', 350, 10, 'https://m.media-amazon.com/images/I/812AvNWXQEL._AC_SL1500_.jpg', 5, 'price_1SFb1MHdUdWUYxJH9PkIpdHD', '2025-10-07 14:05:00.000', 1.04, 85.3, 9.1, 'Initech', 'Leather'),
('p22', 'Filing Cabinet', 'Metal filing cabinet with lock.', 150, 15, 'https://cdn11.bigcommerce.com/s-r7ihvq/images/stencil/996x666/products/18051/51098/desk-double-file-drawer__01918__04220.1464976164.jpg?c=3', 5, 'price_1SFb1MHdUdWUYxJHRkjTql6R', '2025-10-07 14:05:00.000', 4.72, 146.9, 30.1, 'FalsoBrand', 'Fabric'),
('p23', 'Wall Art', 'Abstract wall art painting set.', 100, 30, 'https://m.media-amazon.com/images/I/81tNJt5C2QL._AC_SL1500_.jpg', 6, 'price_1SFb1MHdUdWUYxJHAuf39AOp', '2025-10-07 14:05:00.000', 8.64, 68.9, 160.7, 'Acme', 'Wood'),
('p24', 'Candle Holder', 'Set of 3 decorative candle holders.', 60, 40, 'https://m.media-amazon.com/images/I/71a5qenM8TL._AC_SL1500_.jpg', 6, 'price_1SFb1MHdUdWUYxJHFgsXSMmW', '2025-10-07 14:05:00.000', 5.64, 192.1, 46.6, 'Globex', 'Metal'),
('p25', 'Sofa Bed', 'Convertible sofa bed for small spaces.', 900, 8, 'https://m.media-amazon.com/images/I/81wOPlJpeiL._AC_SL1500_.jpg', 1, 'price_1SFb1MHdUdWUYxJHsyqdk3wU', '2025-10-07 14:05:00.000', 7.71, 125.6, 43.3, 'Umbrella', 'Plastic'),
('p26', 'Loveseat', 'Compact loveseat for cozy rooms.', 700, 12, 'https://m.media-amazon.com/images/I/81IdkoVFRSL._AC_SL1500_.jpg', 1, 'price_1SFb1NHdUdWUYxJHvxUdCo3m', '2025-10-07  14:05:00.000', 1.27, 4.9, 86.3, 'Initech', 'Leather'),
('p27', 'Platform Bed', 'Minimalist platform bed with storage.', 650, 10, 'https://m.media-amazon.com/images/I/817adNr+M6L._AC_SX679_.jpg', 2, 'price_1SFb1NHdUdWUYxJHYZcFGhPB', '2025-10-07 14:05:00.000', 3.42, 43.5, 166.5, 'FalsoBrand', 'Fabric'),
('p28', 'Canopy Bed', 'Luxury canopy bed with curtains.', 1200, 5, 'https://m.media-amazon.com/images/I/71NAPxbNcfL._AC_SL1500_.jpg', 2, 'price_1SFb1NHdUdWUYxJHMn5y6x3g', '2025-10-07 14:05:00.000', 5.07, 166.3, 133.5, 'Acme', 'Wood'),
('p29', 'Desk Table', 'Wooden desk table for home office.', 250, 15, 'https://m.media-amazon.com/images/I/813OnRgaTOL._AC_SL1500_.jpg', 3, 'price_1SFb1NHdUdWUYxJHFAc8uJD7', '2025-10-07 14:05:00.000', 5.39, 173.8, 160.5, 'Globex', 'Metal'),
('p3', 'King Size Bed Frame', 'Solid wood king size bed with elegant carvings.', 800, 20, 'https://m.media-amazon.com/images/I/713pHlDFY3L._AC_SL1500_.jpg', 2, 'price_1SFb1NHdUdWUYxJHtnNlaSc4', '2025-10-07 14:05:00.000', 8.88, 21.6, 119.3, 'Umbrella', 'Plastic'),
('p30', 'Folding Table', 'Portable folding table for events.', 100, 20, 'https://m.media-amazon.com/images/I/81PC25c7inL._AC_SL1500_.jpg', 3, 'price_1SFb1NHdUdWUYxJHcHT4ohKd', '2025-10-07 14:05:00.000', 8.15, 60.3, 113.2, 'Initech', 'Leather'),
('p31', 'Swivel Chair', 'Ergonomic swivel chair with wheels.', 180, 18, 'https://m.media-amazon.com/images/I/91Uq7JOqWYL._AC_SL1500_.jpg', 4, 'price_1SFb1NHdUdWUYxJHe5MnaWTG', '2025-10-07 14:05:00.000', 4.01, 178.9, 43.7, 'FalsoBrand', 'Fabric'),
('p32', 'Accent Chair', 'Stylish accent chair with pattern.', 150, 15, 'https://m.media-amazon.com/images/I/91+TmhGP7SL._AC_SY300_SX300_QL70_FMwebp_.jpg', 4, 'price_1SFb1NHdUdWUYxJHMBKMUy13', '2025-10-07 14:05:00.000', 7.56, 15.9, 87.8, 'Acme', 'Wood'),
('p33', 'Kitchen Cabinet', 'Modern kitchen cabinet with shelves.', 400, 10, 'https://cdn11.bigcommerce.com/s-r7ihvq/images/stencil/996x666/products/86913/163431/KM_V_Taft_2025_Set009_RS01_b__62972.1752651355.jpg?c=3', 5, 'price_1SFb1NHdUdWUYxJHQuYXtZEx', '2025-10-07 14:05:00.000', 6.82, 11.2, 3, 'Globex', 'Metal'),
('p34', 'Shoe Cabinet', 'Slim shoe cabinet for entryways.', 200, 20, 'https://m.media-amazon.com/images/I/81zpUG+ChdL._AC_SL1500_.jpg', 5, 'price_1SFb1NHdUdWUYxJHYdx7ed8B', '2025-10-07 14:05:00.000', 0.37, 77.6, 105.3, 'Umbrella', 'Plastic'),
('p35', 'Photo Frame', 'Set of 5 photo frames for walls.', 70, 35, 'https://m.media-amazon.com/images/I/81IkBkF4NkL._AC_SL1500_.jpg', 6, 'price_1SFb1NHdUdWUYxJH2K5KlFUP', '2025-10-07 14:05:00.000', 7.38, 57.1, 134.4, 'Initech', 'Leather'),
('p36', 'Rug', 'Soft area rug for living rooms.', 120, 25, 'https://m.media-amazon.com/images/I/81rb8R3FFAL._AC_SL1500_.jpg', 6, 'price_1SFb1NHdUdWUYxJH1TkarKkX', '2025-10-07 14:05:00.000', 6.2, 50.4, 101.5, 'FalsoBrand', 'Fabric'),
('p37', 'Chesterfield Sofa', 'Classic chesterfield sofa with tufting.', 1300, 7, 'https://images.pexels.com/photos/276583/pexels-photo-276583.jpeg?w=500', 1, 'price_1SFb1OHdUdWUYxJHowMvuVPP', '2025-10-07 14:05:00.000', 4.13, 184.6, 160, 'Acme', 'Wood'),
('p38', 'Futon', 'Multi-purpose futon for small spaces.', 450, 10, 'https://images.pexels.com/photos/1571472/pexels-photo-1571472.jpeg?w=500', 1, 'price_1SFb1OHdUdWUYxJH3dFWVwvs', '2025-10-07 14:05:00.000', 2.15, 68.8, 84.6, 'Globex', 'Metal'),
('p39', 'Trundle Bed', 'Trundle bed with extra pull-out.', 600, 8, 'https://images.pexels.com/photos/271624/pexels-photo-271624.jpeg?w=500', 2, 'price_1SFb1OHdUdWUYxJHg755g1QL', '2025-10-07 14:05:00.000', 4.28, 5.8, 169.6, 'Umbrella', 'Plastic'),
('p4', 'Adjustable Bed', 'Electric adjustable bed with memory foam mattress.', 1800, 8, 'https://m.media-amazon.com/images/I/71ILEoEMSsL._AC_SL1500_.jpg', 2, 'price_1SFb1OHdUdWUYxJH8JK9WhXZ', '2025-10-07 14:05:00.000', 5.57, 10.9, 127.3, 'Initech', 'Leather'),
('p40', 'End Table', 'Small end table with storage.', 90, 20, 'https://m.media-amazon.com/images/I/81GoKmvMslL._AC_SL1500_.jpg', 3, 'price_1SFb1OHdUdWUYxJHPVboyN6e', '2025-10-07 14:05:00.000', 7.31, 84.5, 104.5, 'FalsoBrand', 'Fabric'),
('p41', 'Bench Chair', 'Wooden bench chair for dining.', 130, 15, 'https://m.media-amazon.com/images/I/71GiJdQvszL._AC_SX679_.jpg', 4, 'price_1SFb1OHdUdWUYxJH6AtItIk0', '2025-10-07 14:05:00.000', 3.97, 123.4, 92.5, 'Acme', 'Wood'),
('p42', 'Storage Cabinet', 'Large storage cabinet with doors.', 500, 10, 'https://m.media-amazon.com/images/I/71zHudQ7R9L._AC_SX679_.jpg', 5, 'price_1SFb1PHdUdWUYxJHXIJfoT2P', '2025-10-07 14:05:00.000', 8.1, 46.6, 173.1, 'Globex', 'Metal'),
('p43', 'Sculpture', 'Modern abstract sculpture for decor.', 200, 15, 'https://m.media-amazon.com/images/I/71wYHINjjjL._AC_SX679_.jpg', 6, 'price_1SFb1PHdUdWUYxJHJCHAOvkB', '2025-10-07 14:05:00.000', 6.97, 140.8, 181.7, 'Umbrella', 'Plastic'),
('p45', 'Nightstand', 'Wooden nightstand with drawer.', 120, 18, 'https://m.media-amazon.com/images/I/91DFJzdJ-IL._AC_SL1500_.jpg', 3, 'price_1SFb1PHdUdWUYxJHwPAvIcOf', '2025-10-07 14:05:00.000', 3.49, 80.3, 39.6, 'FalsoBrand', 'Fabric'),
('p46', 'Daybed', 'Elegant daybed with trundle.', 800, 7, 'https://m.media-amazon.com/images/I/815DqoxIO6L._AC_SX679_.jpg', 2, 'price_1SFb1PHdUdWUYxJHLK3M0bo1', '2025-10-07 14:05:00.000', 7.94, 59.1, 184.6, 'Acme', 'Wood'),
('p47', 'Armchair', 'Plush armchair with soft upholstery.', 250, 10, 'https://m.media-amazon.com/images/I/91eOpt1v1SL._AC_SY300_SX300_QL70_FMwebp_.jpg', 4, 'price_1SFb1PHdUdWUYxJHRytXoRhH', '2025-10-07 14:05:00.000', 3.9, 169.3, 158.8, 'Globex', 'Metal'),
('p48', 'Sideboard', 'Modern sideboard with glass doors.', 450, 9, 'https://m.media-amazon.com/images/I/81vbHcfYUAL._AC_SY300_SX300_QL70_FMwebp_.jpg', 5, 'price_1SFb1PHdUdWUYxJHpYEWHulK', '2025-10-07 14:05:00.000', 0.96, 191.3, 31.1, 'Umbrella', 'Plastic'),
('p49', 'Curtains', 'Set of elegant curtains for windows.', 90, 30, 'https://m.media-amazon.com/images/I/71HJGiZ6OCL._AC_SY300_SX300_QL70_FMwebp_.jpg', 6, 'price_1SFb1PHdUdWUYxJHAG5l5qBM', '2025-10-07 14:05:00.000', 3.68, 82.9, 139.2, 'Initech', 'Leather'),
('p5', 'Dining Table Set', 'Oak wood dining table with 6 chairs included.', 900, 12, 'https://m.media-amazon.com/images/I/81IXE-gKkTL._AC_SX679_.jpg', 3, 'price_1SFb1PHdUdWUYxJH6kMTVmmn', '2025-10-07 14:05:00.000', 7.87, 44.7, 73.2, 'FalsoBrand', 'Fabric'),
('p50', 'Bean Bag Chair', 'Comfortable bean bag chair for relaxation.', 100, 20, 'https://m.media-amazon.com/images/I/71O3+Oo+9lL._AC_SY300_SX300_QL70_FMwebp_.jpg', 4, 'price_1SFb1PHdUdWUYxJHMAurTxfE', '2025-10-07 14:05:00.000', 6.59, 32.2, 126.9, 'Acme', 'Wood'),
('p6', 'Coffee Table', 'Modern glass coffee table with metal frame.', 150, 25, 'https://m.media-amazon.com/images/I/81PGH1v3tcL._AC_SY300_SX300_QL70_FMwebp_.jpg', 3, 'price_1SFb1PHdUdWUYxJHwi0HSqNs', '2025-10-07 14:05:00.000', 1.56, 198.7, 130.3, 'Globex', 'Metal'),
('p7', 'Ergonomic Office Chair', 'Adjustable office chair with lumbar support.', 200, 30, 'https://m.media-amazon.com/images/I/71-tTLbGokL._AC_SY300_SX300_QL70_FMwebp_.jpg', 4, 'price_1SFb1PHdUdWUYxJHgsQzAQuM', '2025-10-07 14:05:00.000', 1.92, 39.8, 188, 'Umbrella', 'Plastic'),
('p8', 'Dining Chair Set', 'Set of 4 wooden dining chairs with cushioned seats.', 300, 18, 'https://m.media-amazon.com/images/I/81lQ1A2LkWL._AC_SY300_SX300_QL70_FMwebp_.jpg', 4, 'price_1SFb1QHdUdWUYxJHyV1JVBPr', '2025-10-07 14:05:00.000', 4.89, 126.4, 134.1, 'Initech', 'Leather'),
('p9', 'Wardrobe Cabinet', 'Spacious wardrobe with sliding doors.', 600, 10, 'https://m.media-amazon.com/images/I/7199dESj9vL._AC_SX679_.jpg', 5, 'price_1SFb1QHdUdWUYxJHWmg8aLkL', '2025-10-07 14:05:00.000', 1.44, 68.3, 29, 'FalsoBrand', 'Fabric'),
('prod_TDorMTMpXgCkEh', 'Lounge Chair', 'Comfortable lounge chair with ottoman.', 350, 12, 'https://m.media-amazon.com/images/I/611GbZz2MEL._AC_SX679_.jpg', 4, 'price_1SHNEDHdUdWUYxJHGU0tnQD4', '2025-10-07 14:05:00.000', 1.27, 126.1, 6.5, 'Initech', 'Leather');

INSERT INTO User (firebaseId, email, fullName, role, avatar, status, address, phoneNumber) VALUES
('3BK96oBpegZh9SMho181QEC3gca2', 'admin@gmail.com', 'admin system', 'ADMIN', NULL, 'ACTIVE', NULL, '0123456789'),
('EfiEnGvYqWON5CO8hnYFtNmOlCi2', 'locga123@gmail.com', 'loc ga', 'USER', NULL, 'ACTIVE', NULL, '0987654321'),
('sRG2HZiEXeN4dY9F4mfjuf5ZQjG3', 'asd@gmail.com', 'Diagatic sn', 'USER', NULL, 'ACTIVE', NULL, '0912345678');